row_id,analysis,logreg_oof,gbm_oof,rf_oof,package,label,case_group
C:cargo:anyhow,C,0.0088,0.0126,0.1086,anyhow,0,grp116
C:cargo:clap,C,0.0306,0.0017,0.0086,clap,0,grp118
C:cargo:rand,C,0.0437,0.0036,0.0165,rand,0,grp120
C:cargo:rayon,C,0.1239,0.0143,0.0807,rayon,0,grp121
C:cargo:reqwest,C,0.0067,0.001,0.0166,reqwest,0,grp119
C:cargo:serde,C,0.0953,0.0065,0.034,serde,0,grp116
C:cargo:serde_json,C,0.0877,0.0121,0.0446,serde_json,0,grp116
C:cargo:tokio,C,0.0038,0.0009,0.0026,tokio,0,grp117
C:github:aquasecurity/trivy,C,0.0144,0.0073,0.0614,aquasecurity/trivy,0,grp046
C:github:boltdb/bolt,C,0.7803,0.6415,0.4491,boltdb/bolt,1,grp080
C:github:fsnotify/fsnotify,C,0.0913,0.1044,0.1315,fsnotify/fsnotify,1,grp082
C:github:grafana/grafana,C,0.0,0.0101,0.0374,grafana/grafana,0,grp007
C:github:hashicorp/terraform,C,0.0018,0.0115,0.0381,hashicorp/terraform,0,grp008
C:github:kubernetes/kubernetes,C,0.0,0.0122,0.0659,kubernetes/kubernetes,0,grp009
C:go:github.com/gin-gonic/gin,C,0.0109,0.0096,0.035,github.com/gin-gonic/gin,0,grp131
C:go:github.com/go-kit/kit,C,0.8147,0.3516,0.502,github.com/go-kit/kit,1,grp079
C:go:github.com/prometheus/client_golang,C,0.0055,0.0049,0.058,github.com/prometheus/client_golang,0,grp134
C:go:github.com/spf13/cobra,C,0.1701,0.2702,0.1751,github.com/spf13/cobra,0,grp133
C:go:github.com/stretchr/testify,C,0.4194,0.1116,0.0837,github.com/stretchr/testify,0,grp132
C:npm:async,C,0.0678,0.3919,0.2507,async,0,grp002
C:npm:axios,C,0.001,0.0022,0.0041,axios,0,grp003
C:npm:bcrypt,C,0.0716,0.1321,0.127,bcrypt,1,grp076
C:npm:body-parser,C,0.0087,0.0075,0.083,body-parser,0,grp004
C:npm:chalk,C,0.0136,0.0903,0.1902,chalk,0,grp005
C:npm:commander,C,0.0081,0.0313,0.0879,commander,0,grp011
C:npm:core-js,C,0.0159,0.0007,0.0193,core-js,1,grp081
C:npm:cors,C,0.0145,0.0469,0.1557,cors,0,grp004
C:npm:date-fns,C,0.0521,0.0065,0.0838,date-fns,0,grp012
C:npm:debug,C,0.0007,0.0462,0.2475,debug,0,grp013
C:npm:dotenv,C,0.0304,0.0012,0.0207,dotenv,0,grp024
C:npm:esbuild,C,0.0115,0.005,0.0306,esbuild,0,grp028
C:npm:eslint,C,0.0054,0.0014,0.0096,eslint,0,grp025
C:npm:execa,C,0.0013,0.0063,0.1283,execa,0,grp005
C:npm:express,C,0.0062,0.0096,0.0249,express,0,grp011
C:npm:extend,C,0.6981,0.8991,0.5685,extend,1,grp074
C:npm:glob,C,0.019,0.4422,0.337,glob,0,grp029
C:npm:got,C,0.1011,0.2684,0.1586,got,0,grp005
C:npm:husky,C,0.2413,0.308,0.224,husky,0,grp030
C:npm:inherits,C,0.307,0.3204,0.4747,inherits,0,grp029
C:npm:inquirer,C,0.0636,0.0015,0.0336,inquirer,0,grp031
C:npm:is-number,C,0.99,0.3172,0.5073,is-number,1,grp073
C:npm:isarray,C,0.0023,0.0055,0.241,isarray,0,grp032
C:npm:jest,C,0.0162,0.0102,0.0213,jest,0,grp033
C:npm:jsonwebtoken,C,0.9393,0.414,0.2714,jsonwebtoken,0,grp034
C:npm:kind-of,C,0.5754,0.7929,0.519,kind-of,1,grp073
C:npm:lint-staged,C,0.0367,0.0076,0.0325,lint-staged,0,grp035
C:npm:lodash,C,0.0739,0.0439,0.0784,lodash,0,grp036
C:npm:minimist,C,0.0515,0.6036,0.4361,minimist,0,grp037
C:npm:mkdirp,C,0.9678,0.8842,0.6584,mkdirp,1,grp029
C:npm:mocha,C,0.0282,0.0046,0.0222,mocha,0,grp039
C:npm:moment,C,0.1023,0.0036,0.0424,moment,1,grp075
C:npm:mongoose,C,0.001,0.0059,0.0122,mongoose,0,grp040
C:npm:nanoid,C,0.0128,0.0018,0.0435,nanoid,0,grp041
C:npm:next,C,0.0003,0.005,0.0091,next,0,grp042
C:npm:ora,C,0.0013,0.0533,0.1655,ora,0,grp005
C:npm:prettier,C,0.0041,0.0025,0.0109,prettier,0,grp043
C:npm:qs,C,0.0194,0.2126,0.1014,qs,0,grp037
C:npm:react,C,0.0266,0.0059,0.0148,react,0,grp044
C:npm:rimraf,C,0.0133,0.3183,0.3694,rimraf,0,grp029
C:npm:rollup,C,0.0299,0.001,0.0034,rollup,0,grp048
C:npm:rxjs,C,0.0461,0.1468,0.2744,rxjs,0,grp049
C:npm:semver,C,0.0001,0.0332,0.1031,semver,0,grp029
C:npm:socket.io,C,0.0323,0.0106,0.0171,socket.io,0,grp051
C:npm:solid-js,C,0.0307,0.0041,0.0153,solid-js,0,grp052
C:npm:svelte,C,0.0114,0.0054,0.0096,svelte,0,grp053
C:npm:typescript,C,0.0086,0.0065,0.0378,typescript,0,grp054
C:npm:uuid,C,0.007,0.0122,0.1169,uuid,0,grp056
C:npm:vite,C,0.0015,0.0014,0.0039,vite,0,grp057
C:npm:vue,C,0.0013,0.0016,0.0137,vue,0,grp057
C:npm:webpack,C,0.0575,0.0094,0.0398,webpack,0,grp058
C:npm:yargs,C,0.1057,0.0153,0.1115,yargs,0,grp061
C:npm:zod,C,0.0006,0.0033,0.0237,zod,0,grp062
C:nuget:AutoMapper,C,0.1427,0.1031,0.1153,AutoMapper,0,grp129
C:nuget:Newtonsoft.Json,C,0.1743,0.6863,0.2828,Newtonsoft.Json,0,grp127
C:nuget:Serilog,C,0.0314,0.0073,0.0647,Serilog,0,grp128
C:nuget:xunit,C,0.085,0.0311,0.0685,xunit,0,grp130
C:packagist:guzzlehttp/guzzle,C,0.0551,0.0732,0.1178,guzzlehttp/guzzle,0,grp124
C:packagist:laravel/framework,C,0.0008,0.0097,0.0342,laravel/framework,0,grp122
C:packagist:monolog/monolog,C,0.0254,0.0134,0.0765,monolog/monolog,0,grp126
C:packagist:phpunit/phpunit,C,0.7925,0.0162,0.0463,phpunit/phpunit,0,grp125
C:packagist:symfony/symfony,C,0.0002,0.0099,0.0482,symfony/symfony,0,grp123
C:pypi:aiohttp,C,0.0083,0.0014,0.0067,aiohttp,0,grp064
C:pypi:alembic,C,0.0917,0.005,0.0273,alembic,0,grp065
C:pypi:atomicwrites,C,0.9025,0.8982,0.6331,atomicwrites,1,grp072
C:pypi:attrs,C,0.004,0.0006,0.0087,attrs,0,grp066
C:pypi:black,C,0.0026,0.0018,0.0174,black,0,grp067
C:pypi:boto3,C,0.0002,0.0019,0.0206,boto3,0,grp091
C:pypi:celery,C,0.0074,0.0017,0.009,celery,0,grp107
C:pypi:certifi,C,0.0027,0.0054,0.133,certifi,0,grp092
C:pypi:click,C,0.0125,0.0019,0.0297,click,0,grp089
C:pypi:cryptography,C,0.003,0.001,0.0069,cryptography,0,grp093
C:pypi:django,C,0.0016,0.0038,0.0084,django,0,grp085
C:pypi:fastapi,C,0.0068,0.0017,0.0084,fastapi,0,grp097
C:pypi:flask,C,0.0559,0.043,0.1092,flask,0,grp086
C:pypi:gunicorn,C,0.0761,0.0114,0.0299,gunicorn,0,grp106
C:pypi:httpx,C,0.024,0.0138,0.0633,httpx,0,grp096
C:pypi:jinja2,C,0.8455,0.2973,0.5228,jinja2,0,grp095
C:pypi:loguru,C,0.0294,0.0245,0.0739,loguru,0,grp114
C:pypi:matplotlib,C,0.0025,0.0028,0.0072,matplotlib,0,grp103
C:pypi:mypy,C,0.001,0.0016,0.0033,mypy,0,grp099
C:pypi:numpy,C,0.0009,0.0038,0.0091,numpy,0,grp088
C:pypi:orjson,C,0.0681,0.3582,0.2087,orjson,1,grp077
C:pypi:pandas,C,0.0007,0.0015,0.0054,pandas,0,grp101
C:pypi:pendulum,C,0.1859,0.0816,0.0922,pendulum,0,grp111
C:pypi:pillow,C,0.2809,0.0093,0.0509,pillow,0,grp094
C:pypi:poetry,C,0.0629,0.0065,0.0706,poetry,0,grp100
C:pypi:polars,C,0.0029,0.0047,0.0101,polars,0,grp113
C:pypi:psycopg2,C,0.0711,0.019,0.0747,psycopg2,0,grp109
C:pypi:pydantic,C,0.0019,0.0033,0.0177,pydantic,0,grp090
C:pypi:pytest,C,0.0008,0.0014,0.0053,pytest,0,grp087
C:pypi:redis,C,0.0721,0.0014,0.0233,redis,0,grp108
C:pypi:requests,C,0.0017,0.0037,0.0235,requests,0,grp083
C:pypi:rich,C,0.0274,0.005,0.0324,rich,0,grp098
C:pypi:ruff,C,0.002,0.0025,0.0511,ruff,0,grp112
C:pypi:scikit-learn,C,0.0013,0.0114,0.0096,scikit-learn,0,grp104
C:pypi:scipy,C,0.0002,0.0022,0.0061,scipy,0,grp102
C:pypi:sqlalchemy,C,0.0131,0.0037,0.0149,sqlalchemy,0,grp065
C:pypi:starlette,C,0.0047,0.0007,0.0169,starlette,0,grp105
C:pypi:structlog,C,0.0105,0.0035,0.0461,structlog,0,grp066
C:pypi:tenacity,C,0.0119,0.0048,0.0789,tenacity,0,grp115
C:pypi:tqdm,C,0.0045,0.0009,0.0122,tqdm,0,grp110
C:pypi:typer,C,0.0018,0.001,0.0139,typer,0,grp097
C:pypi:urllib3,C,0.0034,0.0037,0.0223,urllib3,0,grp084
C:pypi:uvicorn,C,0.0424,0.0006,0.0176,uvicorn,0,grp105
C:pypi:werkzeug,C,0.0612,0.004,0.0523,werkzeug,0,grp095
C:rubygems:devise,C,0.0691,0.0169,0.0435,devise,1,grp078
C:rubygems:nokogiri,C,0.0353,0.0102,0.0579,nokogiri,0,grp015
C:rubygems:puma,C,0.0363,0.008,0.0261,puma,0,grp016
C:rubygems:rails,C,0.0001,0.0115,0.0103,rails,0,grp017
C:rubygems:rake,C,0.0259,0.0119,0.0483,rake,0,grp018
C:rubygems:rspec,C,0.064,0.0072,0.0585,rspec,0,grp020
C:rubygems:rubocop,C,0.0358,0.0026,0.0137,rubocop,0,grp021
C:rubygems:sidekiq,C,0.0586,0.0405,0.0611,sidekiq,0,grp022
